{
  "shots": 5331,
  "train_events": 3998,
  "test_events": 1333,
  "goal_rate": 0.06878439219609805,
  "log_loss": 0.2187731802438002,
  "brier": 0.05930597498152422,
  "roc_auc": 0.765310233682514,
  "baseline_log_loss": 0.25108986190103083,
  "baseline_brier": 0.064253927145359
}